_date_,cpi,cpifbt,deporate_savings,dubaicrude,expenditures,exports,fx_rate,gir,hotel_occupancy,imports,libor_3m,libor_6m,m1_imf,m2_imf,man_avecaputili,man_valnetsales,man_ppi,man_vopi,mrt3,ofw_deployed,peso_euro,peso_sgd,peso_yen,psei,remit,revenues,ricep,sale_app,sale_automotive,sibor_3m,sibor_6m,tbill182_1,tbill364_1,tbill91_1,v_arrival,wpi
1989-01-01,NA,NA,NA,NA,NA,NA,NA,NA,NA,NA,NA,NA,NA,NA,NA,NA,NA,NA,NA,NA,NA,NA,NA,NA,69351,NA,NA,NA,NA,NA,NA,NA,NA,NA,NA,NA
1989-02-01,NA,NA,NA,NA,NA,NA,NA,NA,NA,NA,NA,NA,NA,NA,NA,NA,NA,NA,NA,NA,NA,NA,NA,NA,64208,NA,NA,NA,NA,NA,NA,NA,NA,NA,NA,NA
1989-03-01,NA,NA,NA,NA,NA,NA,NA,NA,NA,NA,NA,NA,NA,NA,NA,NA,NA,NA,NA,NA,NA,NA,NA,NA,78221,NA,NA,NA,NA,NA,NA,NA,NA,NA,NA,NA
1989-04-01,NA,NA,NA,NA,NA,NA,NA,NA,NA,NA,NA,NA,NA,NA,NA,NA,NA,NA,NA,NA,NA,NA,NA,NA,77605,NA,NA,NA,NA,NA,NA,NA,NA,NA,NA,NA
1989-05-01,NA,NA,NA,NA,NA,NA,NA,NA,NA,NA,NA,NA,NA,NA,NA,NA,NA,NA,NA,NA,NA,NA,NA,NA,77835,NA,NA,NA,NA,NA,NA,NA,NA,NA,NA,NA
1989-06-01,NA,NA,NA,NA,NA,NA,NA,NA,NA,NA,NA,NA,NA,NA,NA,NA,NA,NA,NA,NA,NA,NA,NA,NA,83145,NA,NA,NA,NA,NA,NA,NA,NA,NA,NA,NA
1989-07-01,NA,NA,NA,NA,NA,NA,NA,NA,NA,NA,NA,NA,NA,NA,NA,NA,NA,NA,NA,NA,NA,NA,NA,NA,93250,NA,NA,NA,NA,NA,NA,NA,NA,NA,NA,NA
1989-08-01,NA,NA,NA,NA,NA,NA,NA,NA,NA,NA,NA,NA,NA,NA,NA,NA,NA,NA,NA,NA,NA,NA,NA,NA,80257,NA,NA,NA,NA,NA,NA,NA,NA,NA,NA,NA
1989-09-01,NA,NA,NA,NA,NA,NA,NA,NA,NA,NA,NA,NA,NA,NA,NA,NA,NA,NA,NA,NA,NA,NA,NA,NA,84382,NA,NA,NA,NA,NA,NA,NA,NA,NA,NA,NA
1989-10-01,NA,NA,NA,NA,NA,NA,NA,NA,NA,NA,NA,NA,NA,NA,NA,NA,NA,NA,NA,NA,NA,NA,NA,NA,106867,NA,NA,NA,NA,NA,NA,NA,NA,NA,NA,NA
1989-11-01,NA,NA,NA,NA,NA,NA,NA,NA,NA,NA,NA,NA,NA,NA,NA,NA,NA,NA,NA,NA,NA,NA,NA,NA,91606,NA,NA,NA,NA,NA,NA,NA,NA,NA,NA,NA
1989-12-01,NA,NA,NA,NA,NA,NA,NA,NA,NA,NA,NA,NA,NA,NA,NA,NA,NA,NA,NA,NA,NA,NA,NA,NA,95184,NA,NA,NA,NA,NA,NA,NA,NA,NA,NA,NA
1990-01-01,NA,NA,NA,NA,NA,NA,NA,NA,NA,NA,NA,NA,NA,NA,NA,NA,NA,NA,NA,NA,NA,NA,NA,NA,97375,NA,8.40,NA,NA,NA,NA,NA,NA,NA,NA,NA
1990-02-01,NA,NA,NA,NA,NA,NA,NA,NA,NA,NA,NA,NA,NA,NA,NA,NA,NA,NA,NA,NA,NA,NA,NA,NA,102632,NA,8.35,NA,NA,NA,NA,NA,NA,NA,NA,NA
1990-03-01,NA,NA,NA,NA,NA,NA,NA,NA,NA,NA,NA,NA,NA,NA,NA,NA,NA,NA,NA,NA,NA,NA,NA,NA,114860,NA,8.65,NA,NA,NA,NA,NA,NA,NA,NA,NA
1990-04-01,NA,NA,NA,NA,NA,NA,NA,NA,NA,NA,NA,NA,NA,NA,NA,NA,NA,NA,NA,NA,NA,NA,NA,NA,86088,NA,8.65,NA,NA,NA,NA,NA,NA,NA,NA,NA
1990-05-01,NA,NA,NA,NA,NA,NA,NA,NA,NA,NA,NA,NA,NA,NA,NA,NA,NA,NA,NA,NA,NA,NA,NA,NA,122273,NA,8.70,NA,NA,NA,NA,NA,NA,NA,NA,NA
1990-06-01,NA,NA,NA,NA,NA,NA,NA,NA,NA,NA,NA,NA,NA,NA,NA,NA,NA,NA,NA,NA,NA,NA,NA,NA,112946,NA,8.75,NA,NA,NA,NA,NA,NA,NA,NA,NA
1990-07-01,NA,NA,NA,NA,NA,NA,NA,NA,NA,NA,NA,NA,NA,NA,NA,NA,NA,NA,NA,NA,NA,NA,NA,NA,113989,NA,9.30,NA,NA,NA,NA,NA,NA,NA,NA,NA
1990-08-01,NA,NA,NA,NA,NA,NA,NA,NA,NA,NA,NA,NA,NA,NA,NA,NA,NA,NA,NA,NA,NA,NA,NA,NA,97218,NA,9.25,NA,NA,NA,NA,NA,NA,NA,NA,NA
1990-09-01,NA,NA,NA,NA,NA,NA,NA,NA,NA,NA,NA,NA,NA,NA,NA,NA,NA,NA,NA,NA,NA,NA,NA,NA,96934,NA,9.45,NA,NA,NA,NA,NA,NA,NA,NA,NA
1990-10-01,NA,NA,NA,NA,NA,NA,NA,NA,NA,NA,NA,NA,NA,NA,NA,NA,NA,NA,NA,NA,NA,NA,NA,NA,90926,NA,9.15,NA,NA,NA,NA,NA,NA,NA,NA,NA
1990-11-01,NA,NA,NA,NA,NA,NA,NA,NA,NA,NA,NA,NA,NA,NA,NA,NA,NA,NA,NA,NA,NA,NA,NA,NA,86617,NA,9.15,NA,NA,NA,NA,NA,NA,NA,NA,NA
1990-12-01,NA,NA,NA,NA,NA,NA,NA,NA,NA,NA,NA,NA,NA,NA,NA,NA,NA,NA,NA,NA,NA,NA,NA,NA,81151,NA,9.30,NA,NA,NA,NA,NA,NA,NA,NA,NA
1991-01-01,NA,NA,NA,NA,NA,NA,NA,NA,NA,NA,NA,NA,NA,NA,NA,NA,NA,NA,NA,NA,NA,NA,NA,NA,92956,NA,9.50,NA,NA,NA,NA,NA,NA,NA,NA,NA
1991-02-01,NA,NA,NA,NA,NA,NA,NA,NA,NA,NA,NA,NA,NA,NA,NA,NA,NA,NA,NA,NA,NA,NA,NA,NA,81120,NA,9.50,NA,NA,NA,NA,NA,NA,NA,NA,NA
1991-03-01,NA,NA,NA,NA,NA,NA,NA,NA,NA,NA,NA,NA,NA,NA,NA,NA,NA,NA,NA,NA,NA,NA,NA,NA,111299,NA,9.20,NA,NA,NA,NA,NA,NA,NA,NA,NA
1991-04-01,NA,NA,NA,NA,NA,NA,NA,NA,NA,NA,NA,NA,NA,NA,NA,NA,NA,NA,NA,NA,NA,NA,NA,NA,153102,NA,9.20,NA,NA,NA,NA,NA,NA,NA,NA,NA
1991-05-01,NA,NA,NA,NA,NA,NA,NA,NA,NA,NA,NA,NA,NA,NA,NA,NA,NA,NA,NA,NA,NA,NA,NA,NA,149258,NA,9.15,NA,NA,NA,NA,NA,NA,NA,NA,NA
1991-06-01,NA,NA,NA,NA,NA,NA,NA,NA,NA,NA,NA,NA,NA,NA,NA,NA,NA,NA,NA,NA,NA,NA,NA,NA,119405,NA,9.10,NA,NA,NA,NA,NA,NA,NA,NA,NA
1991-07-01,NA,NA,NA,NA,NA,NA,NA,NA,NA,NA,NA,NA,NA,NA,NA,NA,NA,NA,NA,NA,NA,NA,NA,NA,122664,NA,9.15,NA,NA,NA,NA,NA,NA,NA,NA,NA
1991-08-01,NA,NA,NA,NA,NA,NA,NA,NA,NA,NA,NA,NA,NA,NA,NA,NA,NA,NA,NA,NA,NA,NA,NA,NA,109979,NA,9.55,NA,NA,NA,NA,NA,NA,NA,NA,NA
1991-09-01,NA,NA,NA,NA,NA,NA,NA,NA,NA,NA,NA,NA,NA,NA,NA,NA,NA,NA,NA,NA,NA,NA,NA,NA,132334,NA,9.60,NA,NA,NA,NA,NA,NA,NA,NA,NA
1991-10-01,NA,NA,NA,NA,NA,NA,NA,NA,NA,NA,NA,NA,NA,NA,NA,NA,NA,NA,NA,NA,NA,NA,NA,NA,201005,NA,9.20,NA,NA,NA,NA,NA,NA,NA,NA,NA
1991-11-01,NA,NA,NA,NA,NA,NA,NA,NA,NA,NA,NA,NA,NA,NA,NA,NA,NA,NA,NA,NA,NA,NA,NA,NA,182858,NA,8.90,NA,NA,NA,NA,NA,NA,NA,NA,NA
1991-12-01,NA,NA,NA,NA,NA,NA,NA,NA,NA,NA,NA,NA,NA,NA,NA,NA,NA,NA,NA,NA,NA,NA,NA,NA,193394,NA,8.85,NA,NA,NA,NA,NA,NA,NA,NA,NA
1992-01-01,NA,NA,NA,NA,NA,NA,NA,NA,NA,NA,NA,NA,NA,NA,NA,NA,NA,NA,NA,NA,NA,NA,NA,NA,176902,NA,8.85,NA,NA,NA,NA,NA,NA,NA,NA,NA
1992-02-01,NA,NA,NA,NA,NA,NA,NA,NA,NA,NA,NA,NA,NA,NA,NA,NA,NA,NA,NA,NA,NA,NA,NA,NA,158774,NA,8.90,NA,NA,NA,NA,NA,NA,NA,NA,NA
1992-03-01,NA,NA,NA,NA,NA,NA,NA,NA,NA,NA,NA,NA,NA,NA,NA,NA,NA,NA,NA,NA,NA,NA,NA,NA,198940,NA,8.90,NA,NA,NA,NA,NA,NA,NA,NA,NA
1992-04-01,NA,NA,NA,NA,NA,NA,NA,NA,NA,NA,NA,NA,NA,NA,NA,NA,NA,NA,NA,NA,NA,NA,NA,NA,170870,NA,8.95,NA,NA,NA,NA,NA,NA,NA,NA,NA
1992-05-01,NA,NA,NA,NA,NA,NA,NA,NA,NA,NA,NA,NA,NA,NA,NA,NA,NA,NA,NA,NA,NA,NA,NA,NA,156720,NA,9.50,NA,NA,NA,NA,NA,NA,NA,NA,NA
1992-06-01,NA,NA,NA,NA,NA,NA,NA,NA,NA,NA,NA,NA,NA,NA,NA,NA,NA,NA,NA,NA,NA,NA,NA,NA,179826,NA,9.60,NA,NA,NA,NA,NA,NA,NA,NA,NA
1992-07-01,NA,NA,NA,NA,NA,NA,NA,NA,NA,NA,NA,NA,NA,NA,NA,NA,NA,NA,NA,NA,NA,NA,NA,NA,200282,NA,10.00,NA,NA,NA,NA,NA,NA,NA,NA,NA
1992-08-01,NA,NA,NA,NA,NA,NA,NA,NA,NA,NA,NA,NA,NA,NA,NA,NA,NA,NA,NA,NA,NA,NA,NA,NA,178021,NA,10.50,NA,NA,NA,NA,NA,NA,NA,NA,NA
1992-09-01,NA,NA,NA,NA,NA,NA,NA,NA,NA,NA,NA,NA,NA,NA,NA,NA,NA,NA,NA,NA,NA,NA,NA,NA,216945,NA,10.75,NA,NA,NA,NA,NA,NA,NA,NA,NA
1992-10-01,NA,NA,NA,NA,NA,NA,NA,NA,NA,NA,NA,NA,NA,NA,NA,NA,NA,NA,NA,NA,NA,NA,NA,NA,206479,NA,10.35,NA,NA,NA,NA,NA,NA,NA,NA,NA
1992-11-01,NA,NA,NA,NA,NA,NA,NA,NA,NA,NA,NA,NA,NA,NA,NA,NA,NA,NA,NA,NA,NA,NA,NA,NA,177374,NA,9.95,NA,NA,NA,NA,NA,NA,NA,NA,NA
1992-12-01,NA,NA,NA,NA,NA,NA,NA,NA,NA,NA,NA,NA,NA,NA,NA,NA,NA,NA,NA,NA,NA,NA,NA,NA,200655,NA,9.80,NA,NA,NA,NA,NA,NA,NA,NA,NA
1993-01-01,NA,NA,NA,NA,NA,NA,NA,NA,NA,NA,NA,NA,NA,NA,NA,NA,NA,NA,NA,NA,NA,NA,NA,NA,182086,NA,10.00,NA,NA,NA,NA,NA,NA,NA,NA,NA
1993-02-01,NA,NA,NA,NA,NA,NA,NA,NA,NA,NA,NA,NA,NA,NA,NA,NA,NA,NA,NA,NA,NA,NA,NA,NA,166654,NA,10.11,NA,NA,NA,NA,NA,NA,NA,NA,NA
1993-03-01,NA,NA,NA,NA,NA,NA,NA,NA,NA,NA,NA,NA,NA,NA,NA,NA,NA,NA,NA,NA,NA,NA,NA,NA,182438,NA,10.15,NA,NA,NA,NA,NA,NA,NA,NA,NA
1993-04-01,NA,NA,NA,NA,NA,NA,NA,NA,NA,NA,NA,NA,NA,NA,NA,NA,NA,NA,NA,NA,NA,NA,NA,NA,193228,NA,10.23,NA,NA,NA,NA,NA,NA,NA,NA,NA
1993-05-01,NA,NA,NA,NA,NA,NA,NA,NA,NA,NA,NA,NA,NA,NA,NA,NA,NA,NA,NA,NA,NA,NA,NA,NA,209373,NA,10.28,NA,NA,NA,NA,NA,NA,NA,NA,NA
1993-06-01,NA,NA,NA,NA,NA,NA,NA,NA,NA,NA,NA,NA,NA,NA,NA,NA,NA,NA,NA,NA,NA,NA,NA,NA,199699,NA,10.34,NA,NA,NA,NA,NA,NA,NA,NA,NA
1993-07-01,NA,NA,NA,NA,NA,NA,NA,NA,NA,NA,NA,NA,NA,NA,NA,NA,NA,NA,NA,NA,NA,NA,NA,NA,204305,NA,11.00,NA,NA,NA,NA,NA,NA,NA,NA,NA
1993-08-01,NA,NA,NA,NA,NA,NA,NA,NA,NA,NA,NA,NA,NA,NA,NA,NA,NA,NA,NA,NA,NA,NA,NA,NA,199901,NA,11.34,NA,NA,NA,NA,NA,NA,NA,NA,NA
1993-09-01,NA,NA,NA,NA,NA,NA,NA,NA,NA,NA,NA,NA,NA,NA,NA,NA,NA,NA,NA,NA,NA,NA,NA,NA,166310,NA,11.84,NA,NA,NA,NA,NA,NA,NA,NA,NA
1993-10-01,NA,NA,NA,NA,NA,NA,NA,NA,NA,NA,NA,NA,NA,NA,NA,NA,NA,NA,NA,NA,NA,NA,NA,NA,175180,NA,11.75,NA,NA,NA,NA,NA,NA,NA,NA,NA
1993-11-01,NA,NA,NA,NA,NA,NA,NA,NA,NA,NA,NA,NA,NA,NA,NA,NA,NA,NA,NA,NA,NA,NA,NA,NA,200229,NA,11.48,NA,NA,NA,NA,NA,NA,NA,NA,NA
1993-12-01,NA,NA,NA,NA,NA,NA,NA,NA,NA,NA,NA,NA,NA,NA,NA,NA,NA,NA,NA,NA,NA,NA,NA,NA,196992,NA,11.36,NA,NA,NA,NA,NA,NA,NA,NA,NA
1994-01-01,NA,70.1,NA,NA,NA,NA,NA,NA,NA,NA,NA,NA,NA,NA,NA,NA,NA,NA,NA,NA,NA,NA,NA,NA,210110,NA,11.60,NA,NA,NA,NA,NA,NA,NA,NA,NA
1994-02-01,NA,70.1,NA,NA,NA,NA,NA,NA,NA,NA,NA,NA,NA,NA,NA,NA,NA,NA,NA,NA,NA,NA,NA,NA,168738,NA,11.76,NA,NA,NA,NA,NA,NA,NA,NA,NA
1994-03-01,NA,70.0,NA,NA,NA,NA,NA,NA,NA,NA,NA,NA,NA,NA,NA,NA,NA,NA,NA,NA,NA,NA,NA,NA,212094,NA,11.69,NA,NA,NA,NA,NA,NA,NA,NA,NA
1994-04-01,NA,70.2,NA,NA,NA,NA,NA,NA,NA,NA,NA,NA,NA,NA,NA,NA,NA,NA,NA,NA,NA,NA,NA,NA,203983,NA,11.75,NA,NA,NA,NA,NA,NA,NA,NA,NA
1994-05-01,NA,70.6,NA,NA,NA,NA,NA,NA,NA,NA,NA,NA,NA,NA,NA,NA,NA,NA,NA,NA,NA,NA,NA,NA,223946,NA,11.85,NA,NA,NA,NA,NA,NA,NA,NA,NA
1994-06-01,NA,70.8,NA,NA,NA,NA,NA,NA,NA,NA,NA,NA,NA,NA,NA,NA,NA,NA,NA,NA,NA,NA,NA,NA,250374,NA,11.97,NA,NA,NA,NA,NA,NA,NA,NA,NA
1994-07-01,NA,71.3,NA,NA,NA,NA,NA,NA,NA,NA,NA,NA,NA,NA,NA,NA,NA,NA,NA,NA,NA,NA,NA,NA,273092,NA,12.55,NA,NA,NA,NA,NA,NA,NA,NA,NA
1994-08-01,NA,72.2,NA,NA,NA,NA,NA,NA,NA,NA,NA,NA,NA,NA,NA,NA,NA,NA,NA,NA,NA,NA,NA,NA,333705,NA,13.00,NA,NA,NA,NA,NA,NA,NA,NA,NA
1994-09-01,NA,72.1,NA,NA,NA,NA,NA,NA,NA,NA,NA,NA,NA,NA,NA,NA,NA,NA,NA,NA,NA,NA,NA,NA,272507,NA,12.99,NA,NA,NA,NA,NA,NA,NA,NA,NA
1994-10-01,NA,72.2,NA,NA,NA,NA,NA,NA,NA,NA,NA,NA,NA,NA,NA,NA,NA,NA,NA,NA,NA,NA,NA,NA,270896,NA,12.60,NA,NA,NA,NA,NA,NA,NA,NA,NA
1994-11-01,NA,72.2,NA,NA,NA,NA,NA,NA,NA,NA,NA,NA,NA,NA,NA,NA,NA,NA,NA,NA,NA,NA,NA,NA,274113,NA,12.25,NA,NA,NA,NA,NA,NA,NA,NA,NA
1994-12-01,NA,72.3,NA,NA,NA,NA,NA,NA,NA,NA,NA,NA,NA,NA,NA,NA,NA,NA,NA,NA,NA,NA,NA,NA,315189,NA,12.35,NA,NA,NA,NA,NA,NA,NA,NA,NA
1995-01-01,NA,74.3,NA,NA,NA,NA,NA,NA,NA,NA,NA,NA,NA,NA,NA,NA,NA,NA,NA,NA,NA,NA,NA,NA,242223,NA,12.43,NA,NA,NA,NA,NA,NA,NA,NA,NA
1995-02-01,NA,74.3,NA,NA,NA,NA,NA,NA,NA,NA,NA,NA,NA,NA,NA,NA,NA,NA,NA,NA,NA,NA,NA,NA,218049,NA,13.00,NA,NA,NA,NA,NA,NA,NA,NA,NA
1995-03-01,NA,74.2,NA,NA,NA,NA,NA,NA,NA,NA,NA,NA,NA,NA,NA,NA,NA,NA,NA,NA,NA,NA,NA,NA,328607,NA,12.87,NA,NA,NA,NA,NA,NA,NA,NA,NA
1995-04-01,NA,74.5,NA,NA,NA,NA,NA,NA,NA,NA,NA,NA,NA,NA,NA,NA,NA,NA,NA,NA,NA,NA,NA,NA,273023,NA,12.91,NA,NA,NA,NA,NA,NA,NA,NA,NA
1995-05-01,NA,75.2,NA,NA,NA,NA,NA,NA,NA,NA,NA,NA,NA,NA,NA,NA,NA,NA,NA,NA,NA,NA,NA,NA,306555,NA,13.61,NA,NA,NA,NA,NA,NA,NA,NA,NA
1995-06-01,NA,75.8,NA,NA,NA,NA,NA,NA,NA,NA,NA,NA,NA,NA,NA,NA,NA,NA,NA,NA,NA,NA,NA,NA,355105,NA,14.19,NA,NA,NA,NA,NA,NA,NA,NA,NA
1995-07-01,NA,76.2,NA,NA,NA,NA,NA,NA,NA,NA,NA,NA,NA,NA,NA,NA,NA,NA,NA,NA,NA,NA,NA,NA,341468,NA,14.93,NA,NA,NA,NA,NA,NA,NA,NA,NA
1995-08-01,NA,77.8,NA,NA,NA,NA,NA,NA,NA,NA,NA,NA,NA,NA,NA,NA,NA,NA,NA,NA,NA,NA,NA,NA,390627,NA,18.01,NA,NA,NA,NA,NA,NA,NA,NA,NA
1995-09-01,NA,80.1,NA,NA,NA,NA,NA,NA,NA,NA,NA,NA,NA,NA,NA,NA,NA,NA,NA,NA,NA,NA,NA,NA,351839,NA,18.85,NA,NA,NA,NA,NA,NA,NA,NA,NA
1995-10-01,NA,80.2,NA,NA,NA,NA,NA,NA,NA,NA,NA,NA,NA,NA,NA,NA,NA,NA,NA,NA,NA,NA,NA,NA,349683,NA,18.13,NA,NA,NA,NA,NA,NA,NA,NA,NA
1995-11-01,NA,80.1,NA,NA,NA,NA,NA,NA,NA,NA,NA,NA,NA,NA,NA,NA,NA,NA,NA,NA,NA,NA,NA,NA,299342,NA,16.95,NA,NA,NA,NA,NA,NA,NA,NA,NA
1995-12-01,NA,80.4,NA,NA,NA,NA,NA,NA,NA,NA,NA,NA,NA,NA,NA,NA,NA,NA,NA,NA,NA,NA,NA,NA,412057,NA,16.21,NA,NA,NA,NA,NA,NA,NA,NA,NA
1996-01-01,NA,83.0,NA,NA,NA,NA,NA,NA,NA,NA,NA,NA,NA,NA,NA,NA,NA,NA,NA,NA,NA,NA,NA,NA,351280,NA,16.88,NA,NA,NA,NA,NA,NA,NA,NA,NA
1996-02-01,NA,83.4,NA,NA,NA,NA,NA,NA,NA,NA,NA,NA,NA,NA,NA,NA,NA,NA,NA,NA,NA,NA,NA,NA,297429,NA,17.65,NA,NA,NA,NA,NA,NA,NA,NA,NA
1996-03-01,NA,83.5,NA,NA,NA,NA,NA,NA,NA,NA,NA,NA,NA,NA,NA,NA,NA,NA,NA,NA,NA,NA,NA,NA,498049,NA,17.63,NA,NA,NA,NA,NA,NA,NA,NA,NA
1996-04-01,NA,83.7,NA,NA,NA,NA,NA,NA,NA,NA,NA,NA,NA,NA,NA,NA,NA,NA,NA,NA,NA,NA,NA,NA,425963,NA,17.70,NA,NA,NA,NA,NA,NA,NA,NA,NA
1996-05-01,NA,83.9,NA,NA,NA,NA,NA,NA,NA,NA,NA,NA,NA,NA,NA,NA,NA,NA,NA,NA,NA,NA,NA,NA,340511,NA,17.66,NA,NA,NA,NA,NA,NA,NA,NA,NA
1996-06-01,NA,84.2,NA,NA,NA,NA,NA,NA,NA,NA,NA,NA,NA,NA,NA,NA,NA,NA,NA,NA,NA,NA,NA,NA,309672,NA,17.69,NA,NA,NA,NA,NA,NA,NA,NA,NA
1996-07-01,NA,84.3,NA,NA,NA,NA,NA,NA,NA,NA,NA,NA,NA,NA,NA,NA,NA,NA,NA,NA,NA,NA,NA,NA,518853,NA,17.63,NA,NA,NA,NA,NA,NA,NA,NA,NA
1996-08-01,NA,85.2,NA,NA,NA,NA,NA,NA,NA,NA,NA,NA,NA,NA,NA,NA,NA,NA,NA,NA,NA,NA,NA,NA,390149,NA,17.53,NA,NA,NA,NA,NA,NA,NA,NA,NA
1996-09-01,NA,85.0,NA,NA,NA,NA,NA,NA,NA,NA,NA,NA,NA,NA,NA,NA,NA,NA,NA,NA,NA,NA,NA,NA,251356,NA,17.08,NA,NA,NA,NA,NA,NA,NA,NA,NA
1996-10-01,NA,84.9,NA,NA,NA,NA,NA,NA,NA,NA,NA,NA,NA,NA,NA,NA,NA,NA,NA,NA,NA,NA,NA,NA,335011,NA,16.19,NA,NA,NA,NA,NA,NA,NA,NA,NA
1996-11-01,NA,84.7,NA,NA,NA,NA,NA,NA,NA,NA,NA,NA,NA,NA,NA,NA,NA,NA,NA,NA,NA,NA,NA,NA,230029,NA,15.96,NA,NA,NA,NA,NA,NA,NA,NA,NA
1996-12-01,NA,85.2,NA,NA,NA,NA,NA,NA,NA,NA,NA,NA,NA,NA,NA,NA,NA,NA,NA,NA,NA,NA,NA,NA,358189,NA,15.85,NA,NA,NA,NA,NA,NA,NA,NA,NA
1997-01-01,NA,85.9,NA,NA,NA,NA,NA,NA,NA,NA,NA,NA,NA,NA,NA,NA,NA,NA,NA,NA,NA,NA,NA,NA,538672,NA,15.86,NA,NA,NA,NA,NA,NA,NA,NA,NA
1997-02-01,NA,85.8,NA,NA,NA,NA,NA,NA,NA,NA,NA,NA,NA,NA,NA,NA,NA,NA,NA,NA,NA,NA,NA,NA,558702,NA,16.04,NA,NA,NA,NA,NA,NA,NA,NA,NA
1997-03-01,NA,86.2,NA,NA,NA,NA,NA,NA,NA,NA,NA,NA,NA,NA,NA,NA,NA,NA,NA,NA,NA,NA,NA,NA,383832,NA,16.47,NA,NA,NA,NA,NA,NA,NA,NA,NA
1997-04-01,NA,86.3,NA,NA,NA,NA,NA,NA,NA,NA,NA,NA,NA,NA,NA,NA,NA,NA,NA,NA,NA,NA,NA,NA,398229,NA,16.45,NA,NA,NA,NA,NA,NA,NA,NA,NA
1997-05-01,NA,86.4,NA,NA,NA,NA,NA,NA,NA,NA,NA,NA,NA,NA,NA,NA,NA,NA,NA,NA,NA,NA,NA,NA,382604,NA,16.39,NA,NA,NA,NA,NA,NA,NA,NA,NA
1997-06-01,NA,87.1,NA,NA,NA,NA,NA,NA,NA,NA,NA,NA,NA,NA,NA,NA,NA,NA,NA,NA,NA,NA,NA,NA,358435,NA,16.47,NA,NA,NA,NA,NA,NA,NA,NA,NA
1997-07-01,NA,87.0,NA,NA,NA,NA,NA,NA,NA,NA,NA,NA,NA,NA,NA,NA,NA,NA,NA,NA,NA,NA,NA,NA,469888,NA,16.69,NA,NA,NA,NA,NA,NA,NA,NA,NA
1997-08-01,NA,87.5,NA,NA,NA,NA,NA,NA,NA,NA,NA,NA,NA,NA,NA,NA,NA,NA,NA,NA,NA,NA,NA,NA,534056,NA,17.22,NA,NA,NA,NA,NA,NA,NA,NA,NA
1997-09-01,NA,87.9,NA,NA,NA,NA,NA,NA,NA,NA,NA,NA,NA,NA,NA,NA,NA,NA,NA,NA,NA,NA,NA,NA,492329,NA,17.06,NA,NA,NA,NA,NA,NA,NA,NA,NA
1997-10-01,NA,88.1,NA,NA,NA,NA,NA,NA,NA,NA,NA,NA,NA,NA,NA,NA,NA,NA,NA,NA,NA,NA,NA,NA,528603,NA,16.78,NA,NA,NA,NA,NA,NA,NA,NA,NA
1997-11-01,NA,88.4,NA,NA,NA,NA,NA,NA,NA,NA,NA,NA,NA,NA,NA,NA,NA,NA,NA,NA,NA,NA,NA,NA,506461,NA,16.43,NA,NA,NA,NA,NA,NA,NA,NA,NA
1997-12-01,NA,88.7,NA,NA,NA,NA,NA,NA,NA,NA,NA,NA,NA,NA,NA,NA,NA,NA,NA,NA,NA,NA,NA,NA,590024,NA,16.44,NA,NA,NA,NA,NA,NA,NA,NA,NA
1998-01-01,NA,89.5,NA,NA,NA,NA,NA,NA,NA,NA,NA,NA,NA,NA,NA,NA,NA,NA,NA,NA,NA,NA,NA,NA,1105343,NA,16.72,NA,NA,NA,NA,NA,NA,NA,NA,NA
1998-02-01,NA,90.5,NA,NA,NA,NA,NA,NA,NA,NA,NA,NA,NA,NA,NA,NA,NA,NA,NA,NA,NA,NA,NA,NA,602851,NA,17.04,NA,NA,NA,NA,NA,NA,NA,NA,NA
1998-03-01,NA,91.2,NA,NA,NA,NA,NA,NA,NA,NA,NA,NA,NA,NA,NA,NA,NA,NA,NA,NA,NA,NA,NA,NA,804827,NA,16.86,NA,NA,NA,NA,NA,NA,NA,NA,NA
1998-04-01,NA,91.9,NA,NA,NA,NA,NA,NA,NA,NA,NA,NA,NA,NA,NA,NA,NA,NA,NA,NA,NA,NA,NA,NA,575865,NA,16.88,NA,NA,NA,NA,NA,NA,NA,NA,NA
1998-05-01,NA,93.6,NA,NA,NA,NA,NA,NA,NA,NA,NA,NA,NA,NA,NA,NA,NA,NA,NA,NA,NA,NA,NA,NA,577774,NA,16.93,NA,NA,NA,NA,NA,NA,NA,NA,NA
1998-06-01,NA,95.2,NA,NA,NA,NA,NA,NA,NA,NA,NA,NA,NA,NA,NA,NA,NA,NA,NA,NA,NA,NA,NA,NA,506507,NA,17.06,NA,NA,NA,NA,NA,NA,NA,NA,NA
1998-07-01,NA,95.1,NA,NA,NA,NA,NA,NA,NA,NA,NA,NA,NA,NA,NA,NA,NA,NA,NA,NA,NA,NA,NA,NA,451982,NA,17.17,NA,NA,NA,NA,NA,NA,NA,NA,NA
1998-08-01,NA,95.3,NA,NA,NA,NA,NA,NA,NA,NA,NA,NA,NA,NA,NA,NA,NA,NA,NA,NA,NA,NA,NA,NA,310299,NA,17.42,NA,NA,NA,NA,NA,NA,NA,NA,NA
1998-09-01,NA,95.6,NA,NA,NA,NA,NA,NA,NA,NA,NA,NA,NA,NA,NA,NA,NA,NA,NA,NA,NA,NA,NA,NA,619745,NA,17.60,NA,NA,NA,NA,NA,NA,NA,NA,NA
1998-10-01,NA,95.9,NA,NA,NA,NA,NA,NA,NA,NA,NA,NA,NA,NA,NA,NA,NA,NA,NA,NA,NA,NA,NA,NA,642706,NA,17.32,NA,NA,NA,NA,NA,NA,NA,NA,NA
1998-11-01,NA,98.1,NA,NA,NA,NA,NA,NA,NA,NA,NA,NA,NA,NA,NA,NA,NA,NA,NA,NA,NA,NA,NA,NA,469835,NA,17.21,NA,NA,NA,NA,NA,NA,NA,NA,NA
1998-12-01,NA,97.8,NA,NA,NA,NA,NA,NA,NA,NA,NA,NA,NA,NA,NA,NA,NA,NA,NA,NA,NA,NA,NA,NA,700255,NA,17.14,NA,NA,NA,NA,NA,NA,NA,NA,NA
1999-01-01,NA,100.0,NA,NA,NA,NA,NA,NA,NA,NA,NA,NA,NA,NA,NA,NA,NA,NA,NA,NA,NA,NA,NA,NA,671894,NA,17.33,NA,NA,NA,NA,NA,NA,NA,NA,NA
1999-02-01,NA,99.6,NA,NA,NA,NA,NA,NA,NA,NA,NA,NA,NA,NA,NA,NA,NA,NA,NA,NA,NA,NA,NA,NA,475383,NA,17.43,NA,NA,NA,NA,NA,NA,NA,NA,NA
1999-03-01,NA,98.5,NA,NA,NA,NA,NA,NA,NA,NA,NA,NA,NA,NA,NA,NA,NA,NA,NA,NA,NA,NA,NA,NA,535554,NA,17.40,NA,NA,NA,NA,NA,NA,NA,NA,NA
1999-04-01,NA,98.1,NA,NA,NA,NA,NA,NA,NA,NA,NA,NA,NA,NA,NA,NA,NA,NA,NA,NA,NA,NA,NA,NA,572052,NA,17.32,NA,NA,NA,NA,NA,NA,NA,NA,NA
1999-05-01,NA,97.9,NA,NA,NA,NA,NA,NA,NA,NA,NA,NA,NA,NA,NA,NA,NA,NA,NA,NA,NA,NA,NA,NA,632203,NA,17.38,NA,NA,NA,NA,NA,NA,NA,NA,NA
1999-06-01,NA,97.8,NA,NA,NA,NA,NA,NA,NA,NA,NA,NA,NA,NA,NA,NA,NA,NA,NA,NA,NA,NA,NA,NA,559521,NA,17.39,NA,NA,NA,NA,NA,NA,NA,NA,NA
1999-07-01,NA,97.7,NA,NA,NA,NA,NA,NA,NA,NA,NA,NA,NA,NA,NA,NA,NA,NA,NA,NA,NA,NA,NA,NA,509842,NA,17.38,NA,NA,NA,NA,NA,NA,NA,NA,NA
1999-08-01,NA,98.0,NA,NA,NA,NA,NA,NA,NA,NA,NA,NA,NA,NA,NA,NA,NA,NA,NA,NA,NA,NA,NA,NA,445700,NA,17.38,NA,NA,NA,NA,NA,NA,NA,NA,NA
1999-09-01,NA,98.3,NA,NA,NA,NA,NA,NA,NA,NA,NA,NA,NA,NA,NA,NA,NA,NA,NA,NA,NA,NA,NA,NA,408191,NA,17.25,NA,NA,NA,NA,NA,NA,NA,NA,NA
1999-10-01,NA,98.3,NA,NA,NA,NA,NA,NA,NA,NA,NA,NA,NA,NA,NA,NA,NA,NA,NA,NA,NA,NA,NA,NA,374766,NA,17.09,NA,NA,NA,NA,NA,NA,NA,NA,NA
1999-11-01,NA,98.1,NA,NA,NA,NA,NA,NA,NA,NA,NA,NA,NA,NA,NA,NA,NA,NA,NA,NA,NA,NA,NA,NA,388086,NA,16.92,NA,NA,NA,NA,NA,NA,NA,NA,NA
1999-12-01,NA,98.1,NA,NA,NA,NA,NA,NA,NA,NA,NA,NA,NA,NA,NA,NA,NA,NA,NA,NA,NA,NA,NA,NA,448027,NA,16.86,NA,NA,NA,NA,NA,NA,NA,NA,NA
2000-01-01,97.7,99.0,6.4,17.56818,44228,2717,40.4266,14806.62,49.155,2651,6.0368,6.2100,344.258,1811.93,NA,NA,NA,NA,NA,100349,39.3843,23.6130,0.3770,1989.400,686441,44114,17.05,474500,NA,6.0350,6.2060,9.6,10.3,8.9,188752,108.6
2000-02-01,98.0,99.1,6.2,17.00000,39986,2902,40.5717,14621.34,56.6225,2483,6.0980,6.3255,334.971,1797.16,NA,NA,NA,NA,NA,67935,39.7177,23.7789,0.3730,1641.900,435494,31068,17.20,491300,NA,6.0985,6.3235,9.6,10.5,8.8,179551,109.5
2000-03-01,98.0,98.8,6.4,15.59455,52632,2989,40.9381,16055.68,51.5625,2742,6.1896,6.4022,337.404,1854.07,NA,NA,NA,NA,NA,62026,39.4985,23.9086,0.3896,1681.720,480821,39351,17.32,561800,NA,6.1809,6.3948,9.6,10.7,8.9,191292,109.5
2000-04-01,98.3,99.0,6.3,14.04762,49030,2668,41.1884,15880.69,51.865,2528,6.3000,6.5228,341.659,1865.97,NA,NA,NA,NA,NA,73905,37.5919,24.2015,0.3881,1598.700,452512,58060,17.38,528900,NA,6.2962,6.5233,9.5,10.5,8.8,184116,109.1
2000-05-01,98.5,99.3,6.5,14.03409,61343,2931,41.8063,15479.21,52.775,2437,6.7445,6.9609,338.539,1866.88,NA,NA,NA,NA,NA,80691,39.8438,24.7352,0.4024,1478.760,528690,40515,17.45,663200,NA,6.7341,6.9595,9.9,11.0,8.8,159542,109.8
2000-06-01,99.5,99.1,6.4,13.04524,50832,3410,42.6489,15412.9,47.8575,2495,6.7919,6.9724,346.52800000000004,1900.01,NA,NA,NA,NA,NA,74926,41.0481,24.9013,0.4100,1533.990,516493,37249,17.60,665700,NA,6.7914,6.9700,10.1,10.9,8.9,160003,110.3
2000-07-01,100.0,99.5,6.7,14.87727,57901,3219,44.3557,14847.93,50.82,2676,6.7324,6.9229,350.44799999999996,1911.78,NA,NA,NA,NA,NA,68711,41.5300,25.9220,0.4103,1417.170,502103,45886,17.87,524800,NA,6.7338,6.9271,10.0,10.9,8.9,166140,111.5
2000-08-01,100.5,100.1,6.7,25.05957,55655,3529,44.8977,15468.43,51.345,2643,6.6926,6.8400,358.83999999999996,1914.12,NA,NA,NA,NA,NA,74136,40.2853,26.1924,0.4234,1537.500,510806,45577,18.15,555000,NA,6.7022,6.8391,10.3,11.2,8.9,158991,111.9
2000-09-01,100.9,100.4,6.4,32.02526,47835,3502,45.7367,14944.48,49.66,2973,6.6671,6.7686,360.773,1943.6,NA,NA,NA,NA,NA,66509,40.6318,26.5460,0.4302,1434.490,490843,34639,18.15,493000,NA,6.6648,6.7705,10.5,11.7,9.1,128312,113.4
2000-10-01,101.7,100.7,7.8,32.33913,59360,3398,48.1061,14455.39,54.1375,2854,6.7800,6.7273,357.01,2026.5,NA,NA,NA,NA,NA,59933,43.2398,29.2831,0.4720,1287.850,497517,46802,17.81,513000,NA,6.7800,6.7286,11.9,13.1,9.4,146816,114.7
2000-11-01,103.0,102.1,10.8,28.97850,60143,3317,49.7537,14532.71,54.24,2669,6.7550,6.7100,364.84,2003.85,NA,NA,NA,NA,NA,59953,42.3150,28.1442,0.4483,1404.830,428471,41246,17.56,581300,NA,6.7550,6.7117,16.0,16.6,15.8,156725,115.9
2000-12-01,103.8,102.9,11.2,24.17632,62890,3496,49.89615,15062.82,55,2237,6.5570,6.4120,363.504,2065.21,NA,NA,NA,NA,NA,52554,46.4931,28.8839,0.4368,1494.500,520259,41218,17.48,676900,NA,6.5625,6.4230,15.1,15.3,13.6,171929,114.7
2001-01-01,105.0,104.2,9.7,19.67955,56242,2889,50.96927273,14405.22,49.155000000000008,2472,5.7119,5.5429,383.097,2049.68,NA,107.4,111.0,105.2,6.8506860,100349,45.8000,28.3325,0.4264,1563.950,456163,49856,17.51,468800,NA,5.7555,5.5836,12.9,13.4,12.2,167184,116.9
2001-02-01,105.3,103.8,8.9,15.51053,42888,2805,48.2912,14194.61,56.6225,2193,5.3670,5.2200,370.387,2038.33,NA,106.5,110.9,108.0,6.5464310,64507,44.3247,27.7294,0.4158,1665.370,432962,30291,17.43,435100,NA,5.3745,5.2340,11.9,12.6,10.6,147900,118
2001-03-01,105.4,103.5,9.8,15.64500,60009,2870,48.467,14709.73,51.5625,2607,4.9718,4.8173,370.933,2057.2199999999996,NA,116.0,111.2,116.6,7.4768680,65043,43.6008,27.4246,0.3992,1517.120,465308,41067,17.46,527800,NA,4.9786,4.8382,10.9,11.6,9.7,186087,117.7
2001-04-01,105.6,103.4,7.2,15.55000,56319,2246,50.1854,14481.96,51.865000000000008,2693,4.6428,4.5056,383.036,2104.12,77.7,99.4,111.3,98.9,6.2514910,74619,45.6352,28.1650,0.4131,1440.720,510153,66165,17.43,491700,NA,4.6450,4.5061,10.8,11.3,9.9,177294,118.6
2001-05-01,105.8,103.9,7.1,15.76818,72614,2600,50.5389,14483.47,52.774999999999992,2681,4.1126,4.0916,379.473,2091.7399999999996,78.7,113.7,111.9,107.3,7.1187960,83637,43.3657,27.9439,0.4204,1434.910,538166,42367,17.47,558200,NA,4.1157,4.0986,10.7,11.4,9.5,148414,119.4
2001-06-01,106.7,104.5,6.5,15.02650,56449,2578,51.4881,14596.49,47.857500000000008,2609,3.8415,3.8315,382.396,2123.84,78.8,112.7,112.7,113.0,7.4163090,75446,44.2231,28.7362,0.4201,1431.200,489641,36953,17.54,559400,NA,3.8360,3.8340,9.8,10.9,8.8,145784,121.5
2001-07-01,107.4,105.3,6.6,16.12696,58747,2594,53.2242,14364.11,50.820000000000008,2660,3.7595,3.8023,381.757,2118.19,79.2,108.6,113.8,106.4,8.0598560,70849,46.8453,29.6743,0.4283,1384.500,524289,53983,17.68,487100,NA,3.7586,3.7986,10.4,11.6,8.9,154480,122.6
2001-08-01,107.5,105.3,6.7,16.47455,61823,2621,51.9877,14275.95,51.345000000000016,2584,3.5773,3.5832,377.75,2075.2,78.6,109.9,114.1,115.6,8.3291660,77165,46.9596,29.3181,0.4294,1305.850,522371,44882,17.80,465800,NA,3.5765,3.5826,11.7,12.7,9.5,155437,122.8
2001-09-01,107.9,105.6,6.9,17.49524,63043,2731,51.2499,14584.77,49.660000000000008,2499,3.0875,3.0550,371.459,2078.42,76.7,103.1,114.2,111.8,7.9476050,71007,47.1336,29.1128,0.4293,1214.280,488110,40418,17.74,438200,NA,3.0855,3.0640,11.8,12.7,9.5,119117,123.3
2001-10-01,107.9,105.5,8.0,19.12130,64103,2941,51.7333,14430.2,54.1375,2371,2.4170,2.3578,368.957,2056.92,76.7,107.2,114.2,113.9,8.6137730,65619,46.9908,28.4794,0.4258,1030.250,551764,52936,17.55,536700,NA,2.4235,2.3735,12.0,12.9,9.8,110448,122.1
2001-11-01,108.2,105.6,7.1,17.75857,61294,2630,51.9899,14831.34,54.24,2039,2.1026,2.1074,358.91500000000004,2059.38,76.1,106.9,113.8,112.3,7.6061510,63331,46.2025,28.4129,0.4227,1033.000,478851,49985,17.41,538900,NA,2.1005,2.1100,11.1,11.9,9.5,118483,121.5
2001-12-01,108.5,106.1,7.3,15.10571,57224,2645,51.7889,15692.23,55,2143,1.9311,1.9872,366.602,2139.05,76.5,106.6,113.1,107.0,8.0450160,54275,45.3949,27.7335,0.3904,1127.010,574552,54829,17.41,568100,NA,1.9378,1.9928,10.0,10.8,8.9,166265,121
2002-01-01,108.9,106.5,7.2,15.25409,62279,2631,51.41,16335.95,51.595,2090,1.8195,1.9309,368.105,2110.69,74.6,96.2,111.0,96.4,8.1607240,98818,44.1353,27.9070,0.3853,1246.850,541486,47300,17.62,424400,NA,1.8268,1.9350,8.5,9.2,7.9,155294,123.3
2002-02-01,108.7,105.9,5.6,15.46100,58861,2628,51.282,16271.5,57.7325,2320,1.9015,2.0350,380.536,2124.43,75.6,97.9,110.9,102.1,7.5675090,66380,44.4726,27.9782,0.3826,1398.980,524343,37899,17.69,413300,NA,1.9105,2.0390,7.7,9.1,7.2,153373,123.8
2002-03-01,109.1,106.1,5.6,15.55500,65188,2849,51.066,17351.61,53.095,3073,1.9784,2.2142,390.611,2141.56,75.8,104.3,111.4,103.7,7.3548890,66628,44.8619,27.6551,0.3846,1405.950,596286,39921,17.76,482700,NA,1.9842,2.2232,6.9,9.0,6.4,174366,124.5
2002-04-01,109.3,106.2,4.4,16.67476,77363,2749,50.987,17138.79,56.51,3446,1.9733,2.2176,397.475,2164.91,76.0,107.8,112.0,111.8,7.8569580,87547,45.8777,28.0741,0.3962,1390.490,662729,55607,17.49,613800,NA,1.9771,2.2305,5.4,6.1,4.7,166201,125.5
2002-05-01,109.5,106.4,3.6,17.57150,67692,2918,49.838,17134.470000000002,56.4175,2946,1.9057,2.1010,404.169,2170.25,75.5,116.7,112.3,112.2,8.0906360,84878,46.8681,27.9890,0.4053,1341.480,645210,43116,17.56,690600,NA,1.9055,2.1077,5.0,5.2,4.4,163782,126
2002-06-01,109.8,106.7,3.4,18.98273,54857,2936,50.406,16953.689999999998,52.49,3022,1.8812,2.0065,412.313,2159.55,75.6,114.0,116.4,115.4,8.2157910,79918,49.8231,28.5299,0.4217,1249.440,567171,42679,17.82,637600,NA,1.8821,2.0232,5.7,5.9,4.8,160383,126.5
2002-07-01,110.2,107.5,3.5,18.44435,59956,3223,50.604,16160.28,54.53,3190,1.8500,1.9086,417.403,2174.93,74.3,109.6,115.5,109.3,8.6036870,75322,50.4613,29.0825,0.4268,1147.140,622793,46570,18.33,564300,NA,1.8568,1.9205,5.7,5.9,4.8,170831,127
2002-08-01,110.7,108.2,3.5,17.77619,62462,3032,51.793,16181.71,53.5125,3393,1.7752,1.7671,424.373,2194.59,74.3,110.3,117.0,112.7,9.6353110,77887,51.0319,29.6068,0.4385,1110.710,578651,51533,19.00,536900,NA,1.7895,1.7891,5.8,6.0,4.9,164244,127.6
2002-09-01,110.7,108.1,3.4,18.36182,68706,3191,52.129,16063.24,54.785,3190,1.8062,1.7843,433.277,2202.46,75.0,118.1,117.7,120.3,9.2473820,71482,51.4767,29.4978,0.4281,1133.600,551032,46266,19.13,527400,NA,1.8195,1.8058,6.2,5.9,5.2,137201,127.8
2002-10-01,110.7,107.7,3.6,18.15909,64647,3033,52.907,15981.54,57.4825,2946,1.7927,1.7468,440.644,2243.59,75.7,117.9,118.5,125.1,9.5852410,66195,52.1475,29.9531,0.4306,1059.300,555089,43553,18.22,592100,NA,1.8068,1.7673,6.3,7.0,5.3,150582,127.9
2002-11-01,110.8,107.5,3.5,17.20762,66433,3103,53.308,15790.16,59.0575,3138,1.4580,1.4615,446.543,2258.7,75.7,120.2,118.6,123.0,9.0345440,61153,53.0960,30.3603,0.4384,1051.100,520595,53446,17.78,654800,NA,1.4740,1.4790,6.5,7.1,5.3,145348,127.6
2002-12-01,111.2,107.9,3.6,16.22182,71532,2914,53.519,16364.76,54.995,2673,1.4112,1.4300,448.954,2361.58,74.5,122.5,118.3,118.4,9.0908920,53673,55.1136,30.5448,0.4428,1021.500,520771,59403,17.65,714600,NA,1.4253,1.4488,6.6,7.4,5.2,191072,128.6
2003-01-01,111.9,108.2,3.7,15.29857,64690,2733,53.5635,16605.71,54.05820867,2918,1.3667,1.3729,452.522,2356.2600000000004,76.6,110.8,120.6,110.7,9.4632950,103857.1806,63.5684,30.9867,0.4521,1046.680,624019,50742,17.71,518495.674,NA,1.3673,1.3718,6.3,7.2,5.2,175728,131
2003-02-01,112.2,108.2,3.5,16.16100,58160,2788,54.0748,16323.93,64.0325,2816,1.3440,1.3440,454.946,2352.2399999999996,76.7,114.6,123.6,113.5,8.9491730,71113,58.4263,31.3173,0.4620,1031.000,543558,40466,17.62,423300,NA,1.3395,1.3395,6.6,7.6,5.7,162626,131.80000000000002
2003-03-01,112.4,108.1,4.2,16.44130,72326,3129,54.5909,16157.5,55.5425,3428,1.2895,1.2700,449.501,2336.98,80.1,134.2,124.1,126.2,9.4174720,69151,57.7450,30.2424,0.4470,1019.820,620760,45089,17.61,560250,NA,1.3005,1.2933,6.9,8.0,6.2,157036,131.4
2003-04-01,112.9,108.3,4.7,16.43190,72339,2726,52.8068,16392.34,50.8475,3185,1.3000,1.2784,446.753,2293.73,77.0,113.8,122.8,114.6,7.6549480,79172,58.5107,29.7460,0.4408,1086.970,590718,65755,17.70,601000,NA,1.3084,1.3016,8.1,8.8,7.3,125576,130.9
2003-05-01,113.2,108.8,5.3,16.07100,64585,2828,52.5072,16264.06,53.7175,3332,1.2839,1.2333,452.179,2333.08,78.5,124.7,123.4,122.0,8.5792080,74538,63.4269,30.8881,0.4510,1061.200,669543,54689,17.98,638400,NA,1.3000,1.2870,7.5,8.1,6.6,109803,131.4
2003-06-01,114.1,109.9,5.2,15.39909,52992,3060,53.3992,16043.57,52.5825,2929,1.1320,1.0875,453.881,2337.04,78.6,123.2,121.7,121.3,9.0825750,68822,61.4236,30.5808,0.4490,1192.900,626670,48775,18.22,596400,NA,1.1490,1.1325,6.4,6.9,5.6,130874,131.80000000000002
2003-07-01,114.3,110.0,4.3,14.49364,67536,3009,53.7138,16298.94,56.7675,3236,1.1000,1.1226,458.128,2316.9,78.7,126.6,125.3,124.4,9.4742390,62587,62.0556,31.1264,0.4547,1269.600,661234,51717,18.54,580100,NA,1.1170,1.1187,6.4,6.8,5.2,166045,132.19999999999998
2003-08-01,114.5,110.1,4.0,14.57476,69293,3003,54.9914,16354.1,59.7425,3104,1.1335,1.1930,467.28,2320.7399999999996,78.7,128.9,124.4,123.1,9.5377190,71127,59.9850,31.4410,0.4702,1236.690,587036,51123,18.64,491400,NA,1.1248,1.1367,6.4,6.9,5.2,162076,133
2003-09-01,114.7,110.2,3.8,13.90455,77428,3354,55.0235,16357.46,61.0025,3045,1.1414,1.1868,470.766,2365.85,78.7,130.6,128.8,123.2,10.0367910,74655,63.7217,31.7584,0.4961,1283.490,642970,48290,18.25,515200,NA,1.1355,1.1459,6.5,7.1,5.3,140652,133.19999999999998
2003-10-01,114.7,110.1,3.9,14.58524,77324,3340,54.952,17068.560000000002,65.7075,3154,1.1577,1.2014,476.557,2357.06,78.7,128.7,128.3,124.8,10.4083000,62954,64.2499,31.8012,0.5080,1349.110,694430,56153,17.90,642800,NA,1.1318,1.1664,6.9,7.6,5.7,167573,133.69999999999998
2003-11-01,115.1,110.6,3.8,13.48909,65234,3085,55.3718,17021.95,68.6225,3278,1.1720,1.2430,483.399,2398.0300000000004,78.2,128.3,127.6,122.1,9.7482720,70797,66.6137,32.3775,0.5117,1363.480,579286,56904,17.64,618300,NA,1.1725,1.1795,7.5,7.6,6.4,170921,134.69999999999998
2003-12-01,115.5,111.0,4.1,12.02696,84591,3175,55.438,17063.060000000002,63.825,3072,1.1715,1.2355,489.173,2446.7,78.2,133.9,128.2,119.8,10.2954820,66618,69.3779,32.6531,0.5188,1386.320,738234,56927,17.62,730500,NA,1.1645,1.2365,7.5,7.6,6.4,238316,136
2004-01-01,116.5,112.6,4.1,13.26667,69249,2849,55.526,16281.35,63.685,3481,1.1281,1.1881,500.532,2440.61,78.1,118.5,133.4,121.8,10.0511920,100597,69.6127,32.9234,0.5293,1525.520,624267,53132,17.80,509400,6847,1.1300,1.1876,7.4,8.1,6.2,207755,137.1
2004-02-01,116.7,112.6,3.7,12.72950,63062,3005,56.07,15931.47,70.397499999999992,3314,1.1241,1.1865,498.827,2440,78.5,127.1,135.2,123.1,9.8376010,83062,70.0117,33.0427,0.5137,1468.840,609116,44612,17.77,508500,6967,1.1206,1.1835,7.7,8.4,6.3,177104,138.5
2004-03-01,117.1,113.2,4.2,12.52826,77146,3362,56.303,16534.14,68.065,3922,1.1122,1.1587,500.969,2478.14,78.7,133.6,135.9,128.0,10.6813160,73166,68.5752,33.4860,0.5334,1435.240,724460,54866,18.13,668500,7614,1.1122,1.1596,8.6,8.4,7.6,194507,140.1
2004-04-01,117.7,114.0,4.2,13.90150,83677,2982,55.904,16604.099999999998,66.3325,3765,1.1509,1.2773,508.284,2487.21,79.5,130.4,135.8,124.4,8.6001020,74674,66.9235,32.7902,0.5087,1524.560,663517,75853,18.53,664300,6181,1.1500,1.2760,8.5,8.9,7.4,192203,141
2004-05-01,118.3,114.8,4.4,15.14545,73014,3268,55.845,16745.23,64.2025,3584,1.2558,1.5274,509.773,2497.17,79.8,130.2,139.2,129.4,9.6515350,84067,68.2607,32.8724,0.5064,1514.450,693340,60332,18.68,660100,6982,1.2555,1.5275,8.3,8.9,7.1,182904,142.19999999999998
2004-06-01,120.3,116.0,4.2,15.87591,57264,3318,55.985,16378.05,62.3325,3778,1.5009,1.8114,508.577,2482.7600000000004,79.8,137.0,139.4,136.4,10.1931040,78381,67.9116,32.7357,0.5192,1545.480,708019,54497,19.07,627100,7448,1.5023,1.8086,8.6,9.4,7.4,186044,143.9
2004-07-01,121.8,117.4,4.4,16.83619,78636,3109,55.953,16152.29,65.0775,3761,1.6277,1.8936,508.446,2470.65,79.8,133.0,140.4,132.4,10.9515980,75615,67.4348,32.4859,0.4999,1570.930,703915,59344,19.62,565300,7809,1.6304,1.8948,8.5,9.3,7.6,200082,144.9
2004-08-01,122.3,118.0,4.4,15.73273,71427,3430,55.834,16200.49,64.3875,3688,1.7286,1.9400,511.06,2499.05,79.4,128.1,140.4,127.6,10.5630730,80578,67.8077,32.7905,0.5116,1573.730,743554,59757,19.75,543800,7286,1.7405,1.9545,8.2,9.2,7.2,186171,146.1
2004-09-01,123.0,118.6,4.1,15.07864,84827,3641,56.213,16140.03,65.765,3817,1.9036,2.0895,517.67600000000008,2497.0300000000004,79.9,136.3,141.6,137.1,10.6430260,74007,69.5186,33.3251,0.5083,1708.270,734766,54002,19.26,557200,7437,1.9081,2.0890,8.5,9.9,7.6,159078,146.4
2004-10-01,123.5,118.8,4.5,15.30143,66395,3753,56.341,16117.89,67.0325,4008,2.0824,2.2267,523.741,2521.57,80.1,141.0,145.3,142.0,10.5729780,70659,71.7855,33.8954,0.5302,1797.410,741504,60576,18.74,625300,7894,2.0910,2.2324,8.9,9.9,7.8,175644,147.6
2004-11-01,124.5,118.9,4.4,16.23045,73015,3685,56.322,16071.4,68.810673769999992,3658,2.3068,2.5000,534.186,2596.95,80.0,136.9,146.0,140.3,10.2936930,72319,74.6410,34.3605,0.5467,1802.880,734786,60521,18.52,708600,7454,2.3141,2.5045,8.9,9.8,7.9,191406,147.69999999999998
2004-12-01,125.4,120.1,4.4,15.34048,86662,3277,56.183,16227.91,66.29829239,3265,2.4981,2.7090,534.99300000000008,2689.36,80.1,136.3,146.5,136.6,10.4729510,66463,76.6019,34.4099,0.5460,1796.280,869127,60766,18.70,710100,8156,2.5048,2.7170,8.9,9.9,7.8,238449,149
2005-01-01,126.3,120.9,4.5,16.08333,80843,3294,55.766,15745.6,66.587500000000008,3501,2.6665,2.8915,544.5,2709.23,79.8,122.4,144.7,126.3,10.7675350,105911,71.8826,33.7180,0.5333,1918.020,786568,64341,18.94,452500,6456,2.6643,2.8895,8.8,9.9,7.7,220248,151.30000000000002
2005-02-01,126.6,121.2,3.6,16.63950,72260,3000,54.8128,16530.400000000002,71.444999999999992,3211,2.8200,3.0475,556.077,2716.16,79.8,119.6,145.8,128.6,9.9414040,81334,72.5000,33.5584,0.5201,2042.650,775855,48709,19.20,441300,6882,2.8230,3.0525,7.7,8.7,6.8,200128,152.6
2005-03-01,127.0,121.4,3.8,16.49043,81677,3268,54.44,16525.61,67.8,3832,3.0227,3.2827,550.80999999999992,2740.34,79.8,130.1,146.9,134.1,10.0775430,78381,70.8090,33.1817,0.5098,2072.590,892490,58264,19.57,484600,8646,3.0268,3.2841,7.7,8.4,6.6,222826,155
2005-04-01,127.7,122.0,3.5,17.65333,79445,3246,54.492,16718.759999999998,71.285,4113,3.1504,3.3824,553.60799999999992,2723.32,80.0,137.5,148.7,138.8,10.4858990,101120,70.0949,33.0299,0.5126,1894.400,895479,82784,20.63,537300,8284,3.1548,3.3889,7.8,8.7,6.6,209381,157.19999999999998
2005-05-01,128.3,122.7,3.7,17.23810,75879,3305,54.341,17281.029999999998,69.864999999999992,3798,3.2740,3.4859,558.913,2718.7199999999996,80.1,136.1,152.4,143.4,10.5878550,91337,68.3991,32.7650,0.5037,1891.170,878959,68249,21.16,547400,8075,3.2752,3.4918,7.2,8.2,6.1,215929,157.4
2005-06-01,129.4,123.5,3.6,16.23727,61790,3359,55.179,17723.130000000002,67.2925,4210,3.4259,3.6134,564.00699999999992,2784.88,80.1,139.3,151.3,144.3,10.6225200,83118,67.4663,33.1844,0.5061,1971.760,935380,62036,21.33,519400,9327,3.4275,3.6136,6.9,7.9,5.8,217250,159.5
2005-07-01,130.5,124.3,3.6,15.02333,81012,3503,56.006,17668.79,66.52,3833,3.6130,3.8329,575.982,2779.7199999999996,80.2,139.4,152.2,147.3,11.9148170,81479.62641,68.1002,33.7291,0.5006,1898.640,884605,65951,21.69,483200,7863,3.6195,3.8443,7.5,8.5,5.7,236233,161.30000000000002
2005-08-01,131.1,124.8,3.7,15.38043,78067,3513,55.952,17943.650000000002,66.004999999999992,4239,3.7990,4.0230,584.294,2824.12,80.2,139.5,152.9,150.0,11.5270300,87041.42641,68.6556,33.3531,0.5049,1975.320,972943,79818,21.88,446600,8204,3.8104,4.0300,7.5,8.5,5.6,208807,163.69999999999998
2005-09-01,131.6,125.4,3.7,15.43143,86998,3675,56.156,18542.31,64.8475,4337,3.9058,4.0451,591.693,2799.7399999999996,80.2,145.2,160.1,150.6,11.2995450,82394.82641,67.5014,33.2060,0.4961,1930.080,942443,59341,21.66,477300,8199,3.9100,4.0495,8.0,9.0,5.8,176603,164.4
2005-10-01,132.2,125.8,3.8,14.99136,78734,3635,55.708,18097.87,67.34,4159,4.1674,4.3519,597.948,2766.4699999999996,80.4,148.6,157.5,161.9,10.8617870,75934.82641,66.8373,32.6223,0.4770,1943.600,867182,71670,21.07,471000,8907,4.1695,4.3576,7.9,9.0,5.9,206792,165.1
2005-11-01,133.3,126.4,3.8,15.56227,79842,3631,54.561,18058.62,74.4375,3975,4.3526,4.5553,594.547,2790.71,80.4,141.9,154.2,157.9,10.3935400,76373.42641,63.6594,31.9049,0.4514,2080.610,895234,72553,20.82,529400,7155,4.3636,4.5600,7.6,8.6,5.4,227051,165
2005-12-01,133.8,126.8,3.9,16.80500,85688,3827,53.604,18494.36,70.08806699,4209,4.4925,4.6683,585.22400000000008,2862.2,80.4,150.1,164.2,157.6,10.9218470,69579.42641,62.8207,31.8510,0.4503,2087.760,961867,61991,20.83,592744.0523,9067,4.4980,4.6736,7.5,8.5,5.3,281836,166.30000000000002
2006-01-01,134.8,127.7,3.7,16.59091,88078,3533,52.61713636,20401.77,72.965,3707,4.6053,4.7287,594.581,2829.7600000000004,80.0,136.7,165.2,137.8,11.5384530,103714,63.2690,32.1455,0.4450,2130.140,916612,72633,20.93,369300,7742,4.6057,4.7359,6.5,7.4,4.9,268818,168.30000000000002
2006-02-01,136.2,129.0,3.5,15.89333,89248,3448,51.8168,20481.81,73.7975,3415,4.7555,4.9228,600.418,2848.69,80.0,134.9,166.3,138.5,10.7692290,89319,61.7243,32.1154,0.4483,2095.730,865794,64290,21.05,335300,6004,4.7670,4.9310,6.2,7.3,5.2,223053,169.69999999999998
2006-03-01,136.7,129.2,3.8,17.02143,95281,4174,51.21891304,20645.34,68.382499999999992,4227,4.9203,5.0527,606.61800000000008,2854.1,80.1,149.1,167.2,151.2,11.9434640,82694,62.4229,31.6861,0.4371,2153.200,1031991,68074,21.24,405200,8320,4.9265,5.0600,6.0,6.9,5.0,235041,170
2006-04-01,136.8,129.4,3.7,17.77286,77384,3918,51.35972222,20852.48,68.515,4417,5.0716,5.2052,614.44000000000008,2861.31,80.1,139.8,168.8,140.7,9.9072090,92076,64.9483,32.7391,0.4542,2229.720,898512,95026,21.32,422300,7265,5.0767,5.2100,5.5,6.1,4.7,238941,171.9
2006-05-01,137.1,129.9,3.7,16.94682,83921,3885,52.12727273,20949.91,70.977500000000008,4448,5.1855,5.2887,625.986,3009.34,80.2,150.5,170.2,149.7,11.6034460,103528,67.7552,33.3654,0.4695,2384.840,1141582,89732,21.45,462300,8500,5.1930,5.2950,5.6,5.8,4.8,228564,173.69999999999998
2006-06-01,138.1,130.4,3.7,17.10200,68645,4055,53.15666667,21123.47,64.435,4534,5.3848,5.4949,639.418,3096.09,80.2,150.2,172.1,148.1,11.1678890,91872,67.7822,33.6814,0.4652,2147.970,1104376,81298,21.47,428100,8422,5.3917,5.4998,7.3,8.0,6.5,225623,175.5
2006-07-01,138.8,130.8,3.5,17.77130,90677,4016,52.3976,21274.11,67.224999999999992,4412,5.4953,5.5823,648.97400000000008,3064.59,80.2,148.5,174.0,144.8,11.2420200,86635.19414,65.8825,32.7149,0.4502,2251.790,1047918,73667,21.53,386700,8601,5.5013,5.5819,7.0,7.8,6.1,251884,177.5
2006-08-01,139.3,131.8,3.4,18.04045,83187,4274,51.36177273,21540.69,66.120000000000008,4884,5.4206,5.4792,656.357,3090.21,80.3,149.3,171.5,147.9,11.6741780,92196.99414,65.3725,32.3718,0.4350,2331.270,1091383,97521,21.56,372400,8724,5.4277,5.4895,6.4,7.4,5.4,221198,177.80000000000002
2006-09-01,139.1,131.5,3.4,19.83238,89877,4178,50.40121053,21593.36,66.959999999999992,4355,5.3837,5.4092,672.052,3139.7,80.2,143.0,170.7,146.5,10.6237400,87550.39414,63.9361,31.7039,0.4302,2450.300,1013969,73648,21.39,351600,8524,5.3844,5.4108,5.9,6.8,5.4,192661,174.6
2006-10-01,139.3,132.2,3.4,21.24696,85698,4207,50.00380952,22309.58,68.685,4686,5.3735,5.3948,670.763,3167.66,80.2,147.6,169.9,153.8,11.5215350,81090.39414,63.4067,31.9222,0.4241,2592.490,1185696,79856,21.17,338800,8280,5.3764,5.3973,5.8,6.6,5.5,223818,173.30000000000002
2006-11-01,139.5,132.6,3.8,20.47905,88759,4031,49.84342857,22649.27,75.5375,4510,5.3721,5.3748,706.465,3294.52,80.2,146.0,169.4,156.5,11.6844970,81528.99414,65.4433,32.2341,0.4276,2801.060,1144010,86690,21.08,426300,9060,5.3764,5.3817,5.3,5.5,4.8,238300,173.1
2006-12-01,139.6,132.7,3.2,21.36273,100172,3690,49.467,22966.72,71.126392929999992,4178,5.3602,5.3514,729.232,3422.25,80.3,143.0,170.2,153.3,11.4957270,74734.99414,64.6037,32.0224,0.4131,2846.140,1319465,96294,21.17,438500,10099,5.3656,5.3548,5.2,5.4,4.7,295434,174.30000000000002
2007-01-01,140.0,133.2,2.8,21.23227,102366,3992,48.91431818,23694.35,74.5925,3904,5.3600,5.3839,754.325,3429.83,79.6,139.1,168.5,137.4,12.0032330,96584,63.5684,31.8999,0.4032,3079.520,1099354,72651,21.35,257400,7521,5.3649,5.3872,4.0,4.4,3.5,272525,173.30000000000002
2007-02-01,139.8,132.9,2.4,18.60950,78506,3721,48.38135,24542.17,77.24,3690,5.3594,5.3893,767.648,3450.15,79.0,124.5,167.3,124.5,11.1025440,77462,63.9465,31.6159,0.4095,3292.070,1085544,89615,21.43,265300,8474,5.3662,5.3922,3.4,3.9,2.9,247731,173
2007-03-01,139.7,132.7,2.3,18.07100,108399,4487,48.51722727,24684.41,73.2625,4567,5.3471,5.3165,796.464,3537.27,79.6,148.1,168.9,143.2,12.1864690,83751,64.3574,31.8183,0.4093,3104.850,1304847,75037,21.77,310000,10206,5.3501,5.3238,3.5,3.8,3.0,270632,174.30000000000002
2007-04-01,140.0,133.0,2.1,16.76227,89203,4124,47.82244444,25089.6,70.2025,4343,5.3548,5.3546,830.643,3568.89,79.5,132.5,169.3,135.1,9.8473250,92723,64.8749,31.3391,0.3976,3280.260,1191540,101155,21.91,283100,8628,5.3583,5.3592,3.5,3.7,2.9,243441,176.5
2007-05-01,140.4,133.3,2.0,18.44762,95880,4128,46.81414286,25599.29,72.0125,4296,5.3590,5.3705,815.496,3499.07,79.6,141.6,168.8,137.6,11.8352480,108894,62.1670,30.2570,0.3803,3398.370,1237140,94133,22.01,342200,9693,5.3604,5.3722,4.0,5.2,3.0,243951,177.30000000000002
2007-06-01,141.3,133.8,2.0,17.30619,76906,4147,46.16015,26382.95,69.4675,4707,5.3600,5.3930,828.543,3603.91,79.9,144.7,169.1,142.7,11.7269190,89458,62.2708,30.1778,0.3762,3625.040,1115753,77688,22.15,326350,9736,5.3663,5.3984,3.9,5.1,2.9,250227,178
2007-07-01,142.4,134.5,2.0,17.27174,102378,4249,45.62509091,28019.01,70.91,5042,5.3596,5.3739,839.029,3577.32,80.3,142.3,169.8,145.5,12.5450800,94472,62.4597,30.1501,0.3830,3694.400,1096558,103973,22.43,258700,9932,5.3635,5.3785,4.6,5.4,3.6,281032,178.9
2007-08-01,142.6,135.1,2.0,17.80952,103218,4121,46.07371429,30485.13,68.9175,4987,5.4827,5.3758,831.008,3494.12,80.0,139.8,169.4,145.0,12.1635110,92985,63.6359,30.6599,0.4030,3245.890,1206942,117115,22.70,254200,9375,5.4857,5.3737,4.8,5.6,3.7,244039,179
2007-09-01,142.8,136.1,2.1,17.97682,95411,4389,46.13145,30902.16,69.735,4744,5.4939,5.3538,819,3455.1,80.2,144.8,169.6,142.4,12.3493520,93836,63.7687,30.2416,0.3898,3372.560,1139845,80890,23.36,265950,10485,5.5141,5.3693,4.8,5.6,3.8,212415,180.4
2007-10-01,143.1,136.8,2.3,19.03304,85177,4660,44.38028571,32498.08,68.912499999999992,5151,5.1465,5.0513,823.608,3472.9,80.2,148.3,169.1,149.5,12.7488600,88064,63.4551,30.3062,0.3834,3769.320,1388459,83699,23.33,304000,11193,5.1612,5.0619,4.8,5.6,3.8,241745,182.8
2007-11-01,144.0,137.8,2.1,18.32950,94249,3965,43.21763158,32719.24,73.8825,5084,4.9621,4.8324,820.136,3491.17,80.2,139.8,165.9,147.7,12.0150270,81530,63.4823,29.6549,0.3887,3618.410,1186970,148342,23.10,348000,10531,4.9709,4.8315,4.7,5.6,3.7,263443,185.4
2007-12-01,145.1,139.1,2.3,16.30318,112371,4482,41.74288889,33751.050000000004,67.510000000000008,5001,4.9794,4.8250,831.836,3606.6,80.3,153.7,165.1,158.3,12.3624890,73643,60.5572,28.5623,0.3642,3603.770,1396976,90344,23.08,373800,12132,4.9986,4.8365,4.6,5.6,3.6,320812,186
2008-01-01,146.8,141.1,2.4,13.40429,100926,4231,40.9381,34085.466289999996,71.370000000000008,4993,3.9176,3.7795,818.864,3516.9,80.2,137.3,167.3,133.3,12.7602610,132285,60.4994,28.6712,0.3819,3318.350,1264036,86991,23.31,299503,8808,3.9522,3.8122,4.7,5.4,3.7,293803,187.1
2008-02-01,147.3,141.9,2.1,12.43050,100760,4112,40.6711,34799.09996,75.2,4491,3.0876,3.0039,844.35,3549.66,80.4,137.7,168.2,133.7,12.1401660,90323,61.4158,28.9485,0.3832,3190.540,1258638,81762,23.58,287403,9474,3.0953,3.0078,4.7,5.3,3.6,276809,187.8
2008-03-01,148.6,143.6,2.2,11.52773,103389,4193,41.2524,35905.999880000004,69.265,5122,2.7825,2.6798,846.1027615,3578.725,80.4,147.3,169.9,136.7,11.1820820,99432,66.1473,30.3523,0.4219,2946.240,1427807,84763,25.26,346505,10625,2.7731,2.6718,4.6,5.3,3.6,287632,193
2008-04-01,151.6,148.2,2.2,11.47190,96268,4325,41.8196,36603.88855,73.645,4856,2.7947,2.8386,855.2065234,3587.4475000000004,80.6,143.7,170.0,144.8,12.5471640,123491,65.6761,30.9916,0.4055,2900.610,1410210,112030,29.80,306229,11075,2.8006,2.8316,4.6,5.8,3.5,253869,196.7
2008-05-01,153.8,151.4,2.2,12.63905,99853,4224,42.902,37337.18347,71.4025,4765,2.6924,2.8556,864.3102854,3602.04625,80.9,150.1,173.2,149.5,12.7709140,131171,68.0390,32.1315,0.4157,2821.420,1429832,106897,31.30,322493,10901,2.7054,2.8562,4.5,6.9,3.5,260567,203.1
2008-06-01,157.4,155.9,2.1,11.68409,86795,4513,44.2806,38057.93214,65.7025,5305,2.7654,3.1038,873.4140473,3639.775,81.9,158.1,176.8,153.7,11.8535200,128894,70.6742,32.8412,0.4220,2607.760,1450838,87564,35.79,322071,10772,2.8026,3.1187,4.5,6.7,3.4,261207,212.3
2008-07-01,159.9,158.4,2.1,11.99522,116846,4437,44.9563,38715.38456,65.319999999999992,5848,2.7923,3.1173,882.5178092,3630.525,82.2,163.4,179.4,160.5,13.1977290,121435,68.7613,32.2873,0.4084,2449.860,1366796,101417,35.51,290698,11635,2.8218,3.1202,6.5,6.8,5.7,285243,216.6
2008-08-01,160.3,158.3,2.1,12.18095,117194,4393,44.8769,39809.52198,63.5625,5042,2.8063,3.1082,891.6215712,3630.28375,81.9,150.8,180.1,154.5,12.6210000,123071,67.1341,32.2111,0.4170,2677.430,1332023,118877,32.82,278103,9906,2.8280,3.1155,6.5,6.9,5.7,238012,212.3
2008-09-01,159.7,158.0,2.1,13.06773,111265,4439,46.6922,40530.28066,63.2,4864,3.1217,3.3368,900.7253331,3639.0025,82.2,153.1,180.7,163.0,12.8490000,120860,67.7857,32.8114,0.4503,2599.520,1332912,89637,30.01,314734,10937,3.1543,3.3489,6.5,6.7,5.6,208167,207.6
2008-10-01,159.1,157.3,2.4,12.80727,101593,3971,48.0252,41395.24433,68.430000000000008,4577,4.0602,3.8784,909.8290951,3655.34875,82.3,152.2,180.6,165.2,13.1039090,109432,63.2089,33.2692,0.4947,2131.140,1434726,92634,28.78,344043.4706,10624,4.0661,3.8888,6.3,6.5,5.6,241809,199.5
2008-11-01,158.2,156.8,2.4,11.76190,113380,3513,49.1862,42120.743,69.23,3482,2.2791,2.6578,918.932857,3690.42875,81.6,131.7,179.7,147.4,12.4296460,106630,63.0894,32.3987,0.5125,1927.010,1311322,109040,28.23,391780.9706,9807,2.2883,2.6656,6.7,7.0,5.6,231129,193.6
2008-12-01,156.7,156.8,2.5,10.12318,116669.7818,2675,48.0942,43250.32167,61.5,3301,1.8293,2.1778,928.036619,3777.88375,81.3,126.3,177.1,142.2,12.1291850,89799,66.2463,32.7302,0.5221,1897.800,1407714,101839.8887,28.13,441736.4771,9885,1.8110,2.1633,6.7,6.4,6.1,301175,189.3
2009-01-01,157.2,158.3,2.7,10.78400,116520,2511,47.2072,43584.73796,64.13389617,3270,1.2147,1.6254,937.1403809,3774.885774,78.1,110.9,172.1,97.1,12.8911660,154006,60.9775,31.2611,0.5232,1923.780,1265515,78466,28.90,238044.7155,8791,1.2212,1.6138,4.9,5.1,4.6,283239.9071,185.9
2009-02-01,158.0,159.3,2.0,10.05200,109958,2506,47.5846,44298.37163,68.89214634,3059,1.2425,1.7565,946.2441429,3778.532024,78.5,106.9,170.5,102.0,12.2264510,98308,61.4044,31.3506,0.4904,1892.090,1320032,80965,31.00,217870.2563,9029,1.2411,1.7490,4.6,5.1,4.6,263036.35154772092,185.1
2009-03-01,158.1,159.9,2.0,12.36826,128567,2907,48.458,45405.27155,64.54464192,3269,1.2667,1.8273,955.3479048,3807.597024,80.7,123.1,170.6,115.1,13.1181430,75892,63.8840,31.8127,0.4983,1887.970,1471482,75928,31.46,303801.5063,10743,1.2628,1.8137,4.7,4.7,4.4,279830.1293254986,184.4
2009-04-01,158.9,160.1,2.5,14.91810,108677,2803,48.2165,46103.16022,64.83269306,3041,1.1062,1.6519,964.4516667,3816.319524,80.7,119.1,171.8,113.9,10.8802460,122871,64.6059,32.8194,0.4993,2055.780,1441741,116581,31.42,321495.2563,9988,1.1151,1.6602,4.5,4.7,4.3,265563.79599216528,186.1
2009-05-01,158.8,160.3,1.9,15.32684,115596,3088,47.5242,46836.45514,65.11407753,3617,0.8150,1.3558,973.5554287,3830.918274,81.4,128.5,172.3,125.0,12.6363630,141836,66.3532,32.7465,0.4909,2285.780,1482175,104212,31.46,373995.2563,10450,0.8275,1.3645,4.5,4.7,4.3,256945.3515477208,188.2
2009-06-01,159.8,160.8,1.9,15.52136,119797,3406,47.9053,47557.20381,61.90907311,4108,0.6207,1.1795,982.6591906,3868.647024,81.5,134.1,174.5,127.8,12.4026470,131235,68.0370,33.3159,0.5032,2477.560,1498737,89550,31.40,348701.5063,10908,0.6406,1.1974,4.6,4.7,4.4,259605.24043660968,193.7
2009-07-01,160.2,161.0,2.0,17.88136,133028,3311,48.146,48214.65623,63.61740203,4026,0.5153,0.9814,991.7629526,3859.397024,81.6,132.7,173.6,131.2,13.4363220,121681,67.6918,33.3479,0.5040,2574.640,1494038,98398,31.16,284970.2563,11597,0.5324,0.9948,4.3,4.5,4.2,279002.4626588318,192.4
2009-08-01,160.5,161.1,1.9,19.36727,116993,3473,48.1607,49308.79365,63.26045316,3617,0.4245,0.8428,1000.866715,3859.155774,81.7,130.7,175.8,130.9,12.6814580,125669,70.2095,33.9390,0.5230,2829.010,1369084,95012,30.75,261957.7563,10575,0.4477,0.8546,4.1,4.3,3.9,259780.79599216512,194.5
2009-09-01,160.8,161.4,2.0,21.83591,128207,3636,48.1394,50029.55232,63.5635043,3670,0.2979,0.6774,1009.970476,3867.874524,82.0,136.3,174.1,139.8,12.6945560,104007,69.3987,33.5817,0.5282,2815.190,1446917,100695,30.33,256926.5063,11304,0.3083,0.6960,4.2,4.4,4.0,230362.0182143874,194.3
2009-10-01,161.7,163.1,2.3,21.26190,114126,3670,46.8513,50894.51599,66.0232221,3808,0.2830,0.5891,1019.074238,3884.220774,82.2,140.4,172.3,146.8,13.3351140,96240,70.7961,34.1504,0.5219,2911.983,1531294,85581,29.94,306657.7563,12761,0.2900,0.6055,4.1,4.4,3.9,251586.57376994288,196.3
2009-11-01,162.7,164.4,1.7,23.04909,102724,3712,47.0324,51620.01466,68.96273699,3626,0.2681,0.5168,1028.1780000000002,3919.300774,82.5,145.0,173.4,149.4,12.6950410,112388,70.1748,33.7803,0.5404,3017.340,1459150,96282,30.20,354395.2563,12702,0.2803,0.5298,4.1,4.5,3.8,260206.46265883172,197.9830991
2009-12-01,163.6,165.0,1.9,23.62850,127550,3312,46.4211,52749.59333,65.026631769999992,3892,0.2530,0.4529,1037.281762,4006.755774,82.7,149.9,173.2,154.5,12.6988830,98445.75228,66.6646,32.9983,0.5059,3041.110,1567875,101541,30.30,404350.7628,13596,0.2642,0.4703,4.1,4.6,3.9,311593.3515477206,NA
2010-01-01,NA,165.1,NA,NA,NA,NA,NA,NA,NA,NA,NA,NA,NA,NA,NA,NA,NA,NA,12.7360120,NA,NA,NA,NA,NA,1372788,NA,30.65,NA,NA,NA,NA,NA,NA,NA,NA,NA
2010-02-01,NA,165.3,NA,NA,NA,NA,NA,NA,NA,NA,NA,NA,NA,NA,NA,NA,NA,NA,12.2810500,NA,NA,NA,NA,NA,1413127,NA,31.07,NA,NA,NA,NA,NA,NA,NA,NA,NA
2010-03-01,NA,NA,NA,NA,NA,NA,NA,NA,NA,NA,NA,NA,NA,NA,NA,NA,NA,NA,13.3552860,NA,NA,NA,NA,NA,1553492,NA,31.18,NA,NA,NA,NA,NA,NA,NA,NA,NA
2010-04-01,NA,NA,NA,NA,NA,NA,NA,NA,NA,NA,NA,NA,NA,NA,NA,NA,NA,NA,11.1838520,NA,NA,NA,NA,NA,1520200,NA,31.11,NA,NA,NA,NA,NA,NA,NA,NA,NA
2010-05-01,NA,NA,NA,NA,NA,NA,NA,NA,NA,NA,NA,NA,NA,NA,NA,NA,NA,NA,12.4633850,NA,NA,NA,NA,NA,1578938,NA,30.86,NA,NA,NA,NA,NA,NA,NA,NA,NA
2010-06-01,NA,NA,NA,NA,NA,NA,NA,NA,NA,NA,NA,NA,NA,NA,NA,NA,NA,NA,12.3766550,NA,NA,NA,NA,NA,1623638,NA,30.91,NA,NA,NA,NA,NA,NA,NA,NA,NA
2010-07-01,NA,NA,NA,NA,NA,NA,NA,NA,NA,NA,NA,NA,NA,NA,NA,NA,NA,NA,13.1622878,NA,NA,NA,NA,NA,1616778,NA,30.87,NA,NA,NA,NA,NA,NA,NA,NA,NA
2010-08-01,NA,NA,NA,NA,NA,NA,NA,NA,NA,NA,NA,NA,NA,NA,NA,NA,NA,NA,13.1983810,NA,NA,NA,NA,NA,1502887,NA,30.89,NA,NA,NA,NA,NA,NA,NA,NA,NA
2010-09-01,NA,NA,NA,NA,NA,NA,NA,NA,NA,NA,NA,NA,NA,NA,NA,NA,NA,NA,13.2362510,NA,NA,NA,NA,NA,NA,NA,30.81,NA,NA,NA,NA,NA,NA,NA,NA,NA
2010-10-01,NA,NA,NA,NA,NA,NA,NA,NA,NA,NA,NA,NA,NA,NA,NA,NA,NA,NA,13.1856310,NA,NA,NA,NA,NA,NA,NA,30.56,NA,NA,NA,NA,NA,NA,NA,NA,NA
2010-11-01,NA,NA,NA,NA,NA,NA,NA,NA,NA,NA,NA,NA,NA,NA,NA,NA,NA,NA,NA,NA,NA,NA,NA,NA,NA,NA,30.51,NA,NA,NA,NA,NA,NA,NA,NA,NA
2010-12-01,NA,NA,NA,NA,NA,NA,NA,NA,NA,NA,NA,NA,NA,NA,NA,NA,NA,NA,NA,NA,NA,NA,NA,NA,NA,NA,NA,NA,NA,NA,NA,NA,NA,NA,NA,NA
